[
  {
    "id": 1,
    "nombre": "Coffe",
    "descripcion": "Unsp fracture of lower end of unspecified humerus, sequela",
    "price": 426,
    "stock": 2,
    "code": "0591-2368",
    "category": "comida",
    "status": true,
    "img": [
      "http://dummyimage.com/104x100.png/ff4444/ffffff"
    ]
  },
  {
    "id": 2,
    "nombre": "Spice - Peppercorn Melange",
    "descripcion": "Unsp fracture of lower end of unspecified humerus, sequela",
    "price": 426,
    "stock": 2,
    "code": "0591-2368",
    "category": "limpieza",
    "status": true,
    "img": [
      "http://dummyimage.com/104x100.png/ff4444/ffffff"
    ]
  },
  {
    "id": 3,
    "nombre": "escoba",
    "descripcion": "Displaced dome fx right acetabulum, subs for fx w delay heal",
    "price": 4628,
    "stock": 3,
    "code": "68016-527",
    "category": "limpieza",
    "status": true,
    "img": [
      "http://dummyimage.com/178x100.png/5fa2dd/ffffff"
    ]
  },
  {
    "id": 4,
    "nombre": "Sea Urchin",
    "descripcion": "Juvenile arthritis, unspecified, right elbow",
    "price": 385,
    "stock": 4,
    "code": "48951-3016",
    "category": "alcohol",
    "status": false,
    "img": [
      "http://dummyimage.com/197x100.png/ff4444/ffffff"
    ]
  },
  {
    "id": 5,
    "nombre": "Bocina Alexa",
    "descripcion": "Immersion foot, unspecified foot, subsequent encounter",
    "price": 1559,
    "stock": 8,
    "code": "64720-150",
    "category": "alcohol",
    "status": true,
    "img": [
      "http://dummyimage.com/105x100.png/5fa2dd/ffffff"
    ]
  },
  {
    "id": 6,
    "nombre": "Doilies - 10, Paper",
    "descripcion": "Disp fx of epiphy (separation) (upper) of l femr, 7thH",
    "price": 591,
    "stock": 6,
    "code": "41520-626",
    "category": "limpieza",
    "status": true,
    "img": [
      "http://dummyimage.com/195x100.png/5fa2dd/ffffff"
    ]
  },
  {
    "id": 7,
    "nombre": "Chips Potato Salt Vinegar 43g",
    "descripcion": "Unspecified effects of vibration, subsequent encounter",
    "price": 200,
    "stock": 7,
    "code": "11673-350",
    "category": "comida",
    "status": true,
    "img": [
      "http://dummyimage.com/164x100.png/ff4444/ffffff"
    ]
  },
  {
    "id": 8,
    "nombre": "sopa maruchan 54g",
    "descripcion": "Immersion foot, unspecified foot, subsequent encounter",
    "price": 1559,
    "stock": 8,
    "code": "64720-150",
    "category": "comida",
    "status": true,
    "img": [
      "http://dummyimage.com/105x100.png/5fa2dd/ffffff"
    ]
  },
  {
    "id": 9,
    "nombre": "Versatainer Nc - 8288",
    "descripcion": "Cont preg aft spon abort of one fts or more, third tri, fts3",
    "price": 4755,
    "stock": 9,
    "code": "49738-913",
    "category": "limpieza",
    "status": true,
    "img": [
      "http://dummyimage.com/250x100.png/dddddd/000000"
    ]
  },
  {
    "id": 10,
    "nombre": "Versatainer Nc - 8288",
    "descripcion": "Cont preg aft spon abort of one fts or more, third tri, fts3",
    "price": 4755,
    "stock": 9,
    "code": "49738-913",
    "category": "limpieza",
    "status": true,
    "img": [
      "http://dummyimage.com/250x100.png/dddddd/000000"
    ]
  },
  {
    "nombre": "Iphone x",
    "descripcion": "Iphone x, 256gb, color grey",
    "price": 1238,
    "stock": 12,
    "code": "123123",
    "category": "dispositivos",
    "status": true,
    "img": "http://dummyimage.com/115x100.png/cc0011/ffffff",
    "id": 11
  },
  {
    "nombre": "Iphone x",
    "descripcion": "Iphone x, 256gb, color grey",
    "price": 1231,
    "stock": 123,
    "code": "123123",
    "category": "dispositivos",
    "status": true,
    "img": "http://dummyimage.com/115x100.png/cc0011/ffffff",
    "id": 12
  },
  {
    "nombre": "bicicleta",
    "descripcion": "bicicleta color rojo rodado 29'",
    "price": 12341,
    "stock": 15,
    "code": "124235",
    "category": "transporte",
    "status": true,
    "img": "http://dummyimage.com/115x100.png/cc0011/ffffff",
    "id": 13
  },
  {
    "nombre": "microfono",
    "descripcion": "microfono hyperX quadcast S",
    "price": 19000,
    "stock": 12,
    "code": "12312345",
    "category": "dispositivos",
    "status": true,
    "img": "http://dummyimage.com/115x100.png/cc0011/ffffff",
    "id": 14
  },
  {
    "nombre": "audifonos",
    "descripcion": "audifonos inalambricos qcy t17s",
    "price": 324234,
    "stock": "34",
    "code": "12345345",
    "category": "dispositivos",
    "status": true,
    "img": "http://dummyimage.com/115x100.png/cc0011/ffffff",
    "id": 15
  },
  {
    "nombre": "monitor",
    "descripcion": "monitor sansung 32' curvo",
    "price": 39999,
    "stock": 12,
    "code": "3453456",
    "category": "dispositivos",
    "status": true,
    "img": "http://dummyimage.com/115x100.png/cc0011/ffffff",
    "id": 16
  },
  {
    "nombre": "tenis",
    "descripcion": "tenis nike running hombre color negro",
    "price": 2000,
    "stock": 23,
    "code": "234346",
    "category": "calzado",
    "status": true,
    "img": "http://dummyimage.com/115x100.png/cc0011/ffffff",
    "id": 17
  },
  {
    "nombre": "mouse",
    "descripcion": "mouse optico logitech g505",
    "price": 1200,
    "stock": 12,
    "code": "567342",
    "category": "dispositivos",
    "status": true,
    "img": "http://dummyimage.com/115x100.png/cc0011/ffffff",
    "id": 18
  },
  {
    "nombre": "Iphone 11",
    "descripcion": "Iphone x, 256gb, color grey",
    "price": "15000",
    "stock": "12",
    "code": "12423534",
    "category": "dispositivos",
    "status": true,
    "img": "http://dummyimage.com/115x100.png/cc0011/ffffff",
    "id": 19
  },
  {
    "nombre": "Redmi note 10",
    "descripcion": "Redmi note 10, 256gb, color grey",
    "price": "15000",
    "stock": "12",
    "code": "12423534",
    "category": "dispositivos",
    "status": true,
    "img": "http://dummyimage.com/115x100.png/cc0011/ffffff",
    "id": 20
  },
  {
    "nombre": "moto 56 play",
    "descripcion": "moto e6 play, 256gb, color grey",
    "price": "15000",
    "stock": "12",
    "code": "12423534",
    "category": "dispositivos",
    "status": true,
    "img": "http://dummyimage.com/115x100.png/cc0011/ffffff",
    "id": 21
  },
  {
    "nombre": "cebolla",
    "descripcion": "1kg de cebolla blanca",
    "price": 15000,
    "stock": 12,
    "code": "12423534",
    "category": "alcohol",
    "status": true,
    "img": [
      "http://dummyimage.com/115x100.png/cc0011/ffffff"
    ],
    "id": 22
  }
]